0,why is united states in debt,2016-04-27 21:43:07,why is united states ,com.br,en,google
1,why is united states eeuu in spanish,2016-04-27 21:43:07,why is united states ,com.br,en,google
2,why is united states a democracy,2016-04-27 21:43:07,why is united states ,com.br,en,google
3,why is united states so racist,2016-04-27 21:43:07,why is united states ,com.br,en,google
4,why is united states the most powerful country,2016-04-27 21:43:07,why is united states ,com.br,en,google
5,why is united states in debt with china,2016-04-27 21:43:07,why is united states ,com.br,en,google
6,why is united states a mixed economy,2016-04-27 21:43:07,why is united states ,com.br,en,google
7,why is united states internet so slow,2016-04-27 21:43:07,why is united states ,com.br,en,google
8,why is united states a capitalist country,2016-04-27 21:43:07,why is united states ,com.br,en,google
9,why is united states gdp so high,2016-04-27 21:43:07,why is united states ,com.br,en,google
10,why is united states a republic,2016-04-27 21:43:07,why is united states ,com.br,en,google
11,why is united states so violent,2016-04-27 21:43:07,why is united states ,com.br,en,google
12,why is united states in syria,2016-04-27 21:43:07,why is united states ,com.br,en,google
13,why is united states the best country,2016-04-27 21:43:07,why is united states ,com.br,en,google
14,why is united states called the united states,2016-04-27 21:43:07,why is united states ,com.br,en,google
15,why is united states healthcare so expensive,2016-04-27 21:43:07,why is united states ,com.br,en,google
16,why is united states called america,2016-04-27 21:43:07,why is united states ,com.br,en,google
17,why is united states so rich,2016-04-27 21:43:07,why is united states ,com.br,en,google
18,why is united states so powerful,2016-04-27 21:43:07,why is united states ,com.br,en,google
19,why is united states abbreviated eeuu,2016-04-27 21:43:07,why is united states ,com.br,en,google
0,why united states is better than canada,2016-04-27 21:43:08,why united states is ,com.br,en,google
1,why united states is the best country,2016-04-27 21:43:08,why united states is ,com.br,en,google
2,why united states is called the united states,2016-04-27 21:43:08,why united states is ,com.br,en,google
3,why united states is bad,2016-04-27 21:43:08,why united states is ,com.br,en,google
4,why united states is in debt,2016-04-27 21:43:08,why united states is ,com.br,en,google
5,why united states is the best country in the world,2016-04-27 21:43:08,why united states is ,com.br,en,google
6,why united states is the most powerful country,2016-04-27 21:43:08,why united states is ,com.br,en,google
7,why united states is called america,2016-04-27 21:43:08,why united states is ,com.br,en,google
8,why united states is so powerful,2016-04-27 21:43:08,why united states is ,com.br,en,google
9,why united states is not a democracy,2016-04-27 21:43:08,why united states is ,com.br,en,google
10,why united states is the richest country in the world,2016-04-27 21:43:08,why united states is ,com.br,en,google
11,why united states is the best,2016-04-27 21:43:08,why united states is ,com.br,en,google
12,why united states is a superpower,2016-04-27 21:43:08,why united states is ,com.br,en,google
13,why the united states is the best place to live,2016-04-27 21:43:08,why united states is ,com.br,en,google
14,why the united states is a democracy,2016-04-27 21:43:08,why united states is ,com.br,en,google
15,why is the united states in poverty,2016-04-27 21:43:08,why united states is ,com.br,en,google
16,why is the united states in africa,2016-04-27 21:43:08,why united states is ,com.br,en,google
17,why is the united states in a deficit,2016-04-27 21:43:08,why united states is ,com.br,en,google
0,why is united states in debt,2016-04-27 21:43:08,is why united states ,com.br,en,google
1,why is united states a democracy,2016-04-27 21:43:08,is why united states ,com.br,en,google
2,why is united states of tara cancelled,2016-04-27 21:43:08,is why united states ,com.br,en,google
3,why is united states of america,2016-04-27 21:43:08,is why united states ,com.br,en,google
4,is united states a country,2016-04-27 21:43:08,is why united states ,com.br,en,google
5,is united states at war,2016-04-27 21:43:08,is why united states ,com.br,en,google
6,is united states a corporation,2016-04-27 21:43:08,is why united states ,com.br,en,google
7,is united states in europe,2016-04-27 21:43:08,is why united states ,com.br,en,google
8,is united states,2016-04-27 21:43:08,is why united states ,com.br,en,google
9,is united states in world cup,2016-04-27 21:43:08,is why united states ,com.br,en,google
10,why is the united states in syria,2016-04-27 21:43:08,is why united states ,com.br,en,google
11,why is the united states the best place to live,2016-04-27 21:43:08,is why united states ,com.br,en,google
12,why is the united states government shutdown,2016-04-27 21:43:08,is why united states ,com.br,en,google
13,why is the united states in poverty,2016-04-27 21:43:08,is why united states ,com.br,en,google
14,why is the united states in africa,2016-04-27 21:43:08,is why united states ,com.br,en,google
15,why is the united states in a deficit,2016-04-27 21:43:08,is why united states ,com.br,en,google
16,is mexico united states,2016-04-27 21:43:08,is why united states ,com.br,en,google
17,is the united states imperialism,2016-04-27 21:43:08,is why united states ,com.br,en,google
18,is the united states code annotated,2016-04-27 21:43:08,is why united states ,com.br,en,google
19,is the united states a culture,2016-04-27 21:43:08,is why united states ,com.br,en,google
0,united states is a country,2016-04-27 21:43:09,united states why is ,com.br,en,google
1,united states is a corporation,2016-04-27 21:43:09,united states why is ,com.br,en,google
2,united states is or are,2016-04-27 21:43:09,united states why is ,com.br,en,google
3,united states is a democracy,2016-04-27 21:43:09,united states why is ,com.br,en,google
4,united states is an example of,2016-04-27 21:43:09,united states why is ,com.br,en,google
5,united states is what time zone,2016-04-27 21:43:09,united states why is ,com.br,en,google
6,united states is how old,2016-04-27 21:43:09,united states why is ,com.br,en,google
7,united states is america,2016-04-27 21:43:09,united states why is ,com.br,en,google
8,united states is in debt,2016-04-27 21:43:09,united states why is ,com.br,en,google
9,united states is at war,2016-04-27 21:43:09,united states why is ,com.br,en,google
10,united states is a economy,2016-04-27 21:43:09,united states why is ,com.br,en,google
11,united states is culture,2016-04-27 21:43:09,united states why is ,com.br,en,google
12,united states government is,2016-04-27 21:43:09,united states why is ,com.br,en,google
13,united states code is,2016-04-27 21:43:09,united states why is ,com.br,en,google
14,united states constitution is,2016-04-27 21:43:09,united states why is ,com.br,en,google
15,united states currency is,2016-04-27 21:43:09,united states why is ,com.br,en,google
16,united states population is,2016-04-27 21:43:09,united states why is ,com.br,en,google
0,united states why,2016-04-27 21:43:09,united states is why ,com.br,en,google
1,why united states is in debt,2016-04-27 21:43:09,united states is why ,com.br,en,google
2,why the united states is the best place to live,2016-04-27 21:43:09,united states is why ,com.br,en,google
